{"cameraMode":{"drawMode":0,"name":"Shaded","section":"Shading Mode"},"sceneLighting":false,"audioPlay":false,"sceneViewState":{"m_AlwaysRefresh":false,"showFog":true,"showSkybox":false,"showFlares":true,"showImageEffects":true,"showParticleSystems":true,"showVisualEffectGraphs":true,"m_FxEnabled":true},"in2DMode":false,"pivot":{"x":0.15189874172210694,"y":-0.3935511112213135,"z":-0.21183547377586366},"rotation":{"x":0.19740517437458039,"y":0.6957501173019409,"z":-0.2086140215396881,"w":0.6583712100982666},"size":0.5459598302841187,"orthographic":false}