{"cameraMode":{"drawMode":0,"name":"Shaded","section":"Shading Mode"},"sceneLighting":true,"audioPlay":false,"sceneViewState":{"m_AlwaysRefresh":false,"showFog":true,"showSkybox":true,"showFlares":true,"showImageEffects":true,"showParticleSystems":true,"showVisualEffectGraphs":true,"m_FxEnabled":true},"in2DMode":false,"pivot":{"x":-0.5600000023841858,"y":-0.23000000417232514,"z":0.5299999713897705},"rotation":{"x":0.21796682476997376,"y":0.37746888399124148,"z":-0.09189720451831818,"w":0.8953053951263428},"size":5.573205947875977,"orthographic":false}